{"cameraMode":{"drawMode":0,"name":"Shaded","section":"Shading Mode"},"sceneLighting":false,"audioPlay":false,"sceneViewState":{"m_AlwaysRefresh":false,"showFog":true,"showSkybox":false,"showFlares":true,"showImageEffects":true,"showParticleSystems":true,"showVisualEffectGraphs":true,"m_FxEnabled":true},"in2DMode":false,"pivot":{"x":35.35408020019531,"y":1.6532387733459473,"z":28.247920989990236},"rotation":{"x":0.15515878796577454,"y":-0.8319494724273682,"z":0.28804460167884829,"w":0.44814786314964297},"size":1.9742982387542725,"orthographic":false}