{"cameraMode":{"drawMode":0,"name":"Shaded","section":"Shading Mode"},"sceneLighting":false,"audioPlay":false,"sceneViewState":{"m_AlwaysRefresh":false,"showFog":true,"showSkybox":false,"showFlares":true,"showImageEffects":true,"showParticleSystems":true,"showVisualEffectGraphs":true,"m_FxEnabled":true},"in2DMode":false,"pivot":{"x":-0.0318896621465683,"y":0.268906831741333,"z":-2.9802322387695315e-8},"rotation":{"x":0.15515878796577454,"y":-0.8319494724273682,"z":0.28804460167884829,"w":0.44814786314964297},"size":0.7935025691986084,"orthographic":false}